Arroyo Villanueva, Samantha arroyovs@oregonstate.edu
Buckley, Christopher buckleyc@oregonstate.edu
Chang, Jiapeng changji@oregonstate.edu
Davenport, Max davenpom@oregonstate.edu
Eamons, Alexander eamonsa@oregonstate.edu
Gao, Liansong gaolia@oregonstate.edu
Granger, Valentine grangerv@oregonstate.edu
Hendrix, Gerald hendrige@oregonstate.edu
Hkam, Sai Khaung hkams@oregonstate.edu
Huang, Jiehui huangjie@oregonstate.edu
Huang, Lisa huanglis@oregonstate.edu
Lee, Zachary leeza@oregonstate.edu
Liang, Yuchuan liangyuc@oregonstate.edu
Marias, Timothy mariast@oregonstate.edu
Meo, John meoj@oregonstate.edu
Nelson, Cooper nelsocoo@oregonstate.edu
Okazaki, Maxwell okazamax@oregonstate.edu
Stein, Bradley steinb@oregonstate.edu
Sundjojo, Enrico sundjoje@oregonstate.edu
Ta, Ngoc tango@oregonstate.edu
Trout, Joshua troutjo@oregonstate.edu
Vellanki, Aishwarya vellanka@oregonstate.edu
Wiliusa, Timothy wiliusat@oregonstate.edu
Anspach, Logan anspachl@oregonstate.edu
Dallman II, Arthur dallmana@oregonstate.edu
Greco, Robert grecoro@oregonstate.edu
Haddad, Cedar haddadc@oregonstate.edu
Hong, Weihang hongwe@oregonstate.edu
Hou, Miaoyuan houmi@oregonstate.edu
Jing, Wen jingw@oregonstate.edu
Khant, Phone khantp@oregonstate.edu
Nguyen, Nancy nguynanc@oregonstate.edu
Noah, Andrew noahan@oregonstate.edu
Read, Cort readco@oregonstate.edu
Rose, Dennis rosede@oregonstate.edu
Soto-Leon, Diego sotoleod@oregonstate.edu
Wilson, Alec wilsalec@oregonstate.edu
Wu, Hsin-Ju wuhs@oregonstate.edu
Wu, Yuyin wuyuy@oregonstate.edu
Yamauchi, Justin yamauchj@oregonstate.edu
Yu, Andy yuyan@oregonstate.edu
Yu, Fan yuf2@oregonstate.edu
Yu, Peijia yupei@oregonstate.edu
Zhang, Zisong zhangzis@oregonstate.edu
012
Albertazzi, Bryce albertab@oregonstate.edu
Bajwa, Akashdeep bajwaa@oregonstate.edu
Bishnu, Deven bishnud@oregonstate.edu
Caspary, Katherine casparyk@oregonstate.edu
DeLapp, Nick delappn@oregonstate.edu
Deml, Jared demlj@oregonstate.edu
Deng, Liangge denglia@oregonstate.edu
Eggiman, Parker eggimanp@oregonstate.edu
Fang, Yingfeng fangyin@oregonstate.edu
Feoktistova, Taisiia feoktist@oregonstate.edu
Garcia, Lucas garcluca@oregonstate.edu
Gilbert, Matthew gilbemat@oregonstate.edu
Gilbert, Tanner gilbetan@oregonstate.edu
Graalum, Elizabeth graalume@oregonstate.edu
Guo, Yuanfeng guoyua@oregonstate.edu
Halim, Ivan halimi@oregonstate.edu
Hall, Colin hallcol@oregonstate.edu
Kirkpatrick, Stephen kirkpast@oregonstate.edu
Klinger, Gabriel klingerg@oregonstate.edu
Knudsen, Zachery knudsenz@oregonstate.edu
Little, Ryan littler@oregonstate.edu
Loza Sanchez, Daniel lozasand@oregonstate.edu
Olsson, Benjamin olssoben@oregonstate.edu
Padala, Saishiva Vamsee padalas@oregonstate.edu
Pung, Nathan pungn@oregonstate.edu
Samargandi, Abdulrahman samargaa@oregonstate.edu
Thomson, Kelly thomsoke@oregonstate.edu
Waczak, John waczakj@oregonstate.edu
Walters, Shawn waltesha@oregonstate.edu
Aguilar, Jesus aguilarj@oregonstate.edu
Algarni, Ahmed algarnia@oregonstate.edu
Ambler, Amicus amblera@oregonstate.edu
Britt, Brandon brittbra@oregonstate.edu
Brown, Stephen brownst2@oregonstate.edu
Collett, Mason colletma@oregonstate.edu
Delgado Hernandez, Alan delgaala@oregonstate.edu
Engholm, Eric engholme@oregonstate.edu
Escoto, Martin escotom@oregonstate.edu
Huang, Henry huanhenr@oregonstate.edu
Huang, Xiyuan huanxiyu@oregonstate.edu
Kerr, Matthew kerrmat@oregonstate.edu
Kramer, Ezra kramerez@oregonstate.edu
Kurtin, Joshua kurtinj@oregonstate.edu
Landry, Samuel landrysa@oregonstate.edu
Larson, Jack larsjack@oregonstate.edu
Le, Blake lebla@oregonstate.edu
Leach, Alex leachal@oregonstate.edu
Lemoine, Benjamin lemoineb@oregonstate.edu
McKillop-Bay, Patrick mckillop@oregonstate.edu
Millsap, Michael millsapm@oregonstate.edu
Ren, Jizhou renjiz@oregonstate.edu
Shan, Ghaith shang@oregonstate.edu
Smith, Reilly smithrei@oregonstate.edu
Thorn, Katelynn thornka@oregonstate.edu
Trinh, Thao trinhtha@oregonstate.edu
Vest, Daniel vestd@oregonstate.edu
Wheelon, Joshua wheelonj@oregonstate.edu
Xie, Wanling xiew@oregonstate.edu
Yan, Tianbao yanti@oregonstate.edu
Abbas, Daniyal abbasd@oregonstate.edu
Alhammadi, Khalifa alhammak@oregonstate.edu
Andrews, Michael andrmich@oregonstate.edu
Barker, Brady barkerbr@oregonstate.edu
Cheng, Haoyuan chengha@oregonstate.edu
Crittenden, Timothy crittent@oregonstate.edu
Fan, Delun fand@oregonstate.edu
Gao, Boyuan gaob@oregonstate.edu
Gould, Jacob gouldja@oregonstate.edu
Helstad, Henry helstadh@oregonstate.edu
Huber, Lawrence huberla@oregonstate.edu
Jones, Keegan joneskee@oregonstate.edu
Kuah, Manju kuahm@oregonstate.edu
Lin, Bowen linb@oregonstate.edu
Oh, Stephen ohste@oregonstate.edu
Patterson, Rory patterro@oregonstate.edu
Popoola, Oluwalana popoolao@oregonstate.edu
Rodenkirch, Thomas rodenkit@oregonstate.edu
Shi, Yuzhe shiyuz@oregonstate.edu
Staub, Jacob staubja@oregonstate.edu
Tong, Ziwen tongzi@oregonstate.edu
Tsai, Sheng Tse tsais@oregonstate.edu
Varga, Attila vargaat@oregonstate.edu
Vue, Shawn vues@oregonstate.edu
Watkins, Zachary watkinsz@oregonstate.edu
Xiong, Mofei xiongm@oregonstate.edu
Zaka, Sawaiz zakas@oregonstate.edu
Zhang, Hongsen zhanhong@oregonstate.edu
Zhou, Zerui zhouze@oregonstate.edu
015
Bankston, Aiyana bankstai@oregonstate.edu
Beseda, Joseph besedaj@oregonstate.edu
Boomer, Casey boomerc@oregonstate.edu
Brown, Shea brownsh2@oregonstate.edu
Coplantz, Joshua coplantj@oregonstate.edu
Dettwyler, Olivia dettwylo@oregonstate.edu
Greenwood, Maggie greenwom@oregonstate.edu
Haley, Jacob haleyja@oregonstate.edu
Huang, Cong huangcon@oregonstate.edu
Kafrissen, Liam kafrissl@oregonstate.edu
Li, Zihan lizih@oregonstate.edu
Mann, Cristian manncr@oregonstate.edu
Marquez, Jeriah Patrick marqueje@oregonstate.edu
Medina, Parker medinap@oregonstate.edu
Muraoka, Naohito muraokan@oregonstate.edu
Nwizu, Tochukwu nwizut@oregonstate.edu
Pirnat, Jessica pirnatj@oregonstate.edu
Prince, Riley princeri@oregonstate.edu
Rivas, Tyler rivast@oregonstate.edu
Ross, David rossd3@oregonstate.edu
Schliecher, Joshua schliecj@oregonstate.edu
Shureih, Zeyad shureihz@oregonstate.edu
Smith, Curtis smithcu@oregonstate.edu
Sneller, Samuel snellers@oregonstate.edu
Soderquist, Eugene soderque@oregonstate.edu
Watkins, Matthew watkimat@oregonstate.edu
Wei, Ming weimi@oregonstate.edu
Yan, Hao yanha@oregonstate.edu
Yasuhara, Kanon yasuhark@oregonstate.edu
Zhu, Qingjun zhuqin@oregonstate.edu
Boomer, Casey boomerc@oregonstate.edu
Buckley, Christopher buckleyc@oregonstate.edu
Caspary, Katherine casparyk@oregonstate.edu
Delgado Hernandez, Alan delgaala@oregonstate.edu
Deml, Jared demlj@oregonstate.edu
Feoktistova, Taisiia feoktist@oregonstate.edu
Graalum, Elizabeth graalume@oregonstate.edu
Huang, Lisa huanglis@oregonstate.edu
Kirkpatrick, Stephen kirkpast@oregonstate.edu
Mann, Cristian manncr@oregonstate.edu
Marquez, Jeriah Patrick marqueje@oregonstate.edu
Muraoka, Naohito muraokan@oregonstate.edu
Olsson, Benjamin olssoben@oregonstate.edu
Ren, Jizhou renjiz@oregonstate.edu
Yan, Tianbao yanti@oregonstate.edu
017
Cheng, Haoyuan chengha@oregonstate.edu
DeLapp, Nick delappn@oregonstate.edu
Haddad, Cedar haddadc@oregonstate.edu
Huang, Henry huanhenr@oregonstate.edu
Kerr, Matthew kerrmat@oregonstate.edu
Klinger, Gabriel klingerg@oregonstate.edu
Meo, John meoj@oregonstate.edu
Nguyen, Nancy nguynanc@oregonstate.edu
Padala, Saishiva Vamsee padalas@oregonstate.edu
Popoola, Oluwalana popoolao@oregonstate.edu
Ross, David rossd3@oregonstate.edu
Thorn, Katelynn thornka@oregonstate.edu
Wiliusa, Timothy wiliusat@oregonstate.edu
Yan, Hao yanha@oregonstate.edu
Zhu, Qingjun zhuqin@oregonstate.edu
Abbas, Daniyal abbasd@oregonstate.edu
Ambler, Amicus amblera@oregonstate.edu
Bajwa, Akashdeep bajwaa@oregonstate.edu
Britt, Brandon brittbra@oregonstate.edu
Engholm, Eric engholme@oregonstate.edu
Fang, Yingfeng fangyin@oregonstate.edu
Gao, Boyuan gaob@oregonstate.edu
Garcia, Lucas garcluca@oregonstate.edu
Gilbert, Tanner gilbetan@oregonstate.edu
Huang, Jiehui huangjie@oregonstate.edu
Lemoine, Benjamin lemoineb@oregonstate.edu
Samargandi, Abdulrahman samargaa@oregonstate.edu
Trout, Joshua troutjo@oregonstate.edu
Walters, Shawn waltesha@oregonstate.edu
Zhang, Hongsen zhanhong@oregonstate.edu
Barker, Brady barkerbr@oregonstate.edu
Davenport, Max davenpom@oregonstate.edu
Gilbert, Matthew gilbemat@oregonstate.edu
Granger, Valentine grangerv@oregonstate.edu
Jones, Keegan joneskee@oregonstate.edu
Kuah, Manju kuahm@oregonstate.edu
Lee, Zachary leeza@oregonstate.edu
Lin, Bowen linb@oregonstate.edu
Rose, Dennis rosede@oregonstate.edu
Watkins, Matthew watkimat@oregonstate.edu
Xie, Wanling xiew@oregonstate.edu
Yu, Fan yuf2@oregonstate.edu
Yu, Peijia yupei@oregonstate.edu
Zhang, Zisong zhangzis@oregonstate.edu
Alhammadi, Khalifa alhammak@oregonstate.edu
Anspach, Logan anspachl@oregonstate.edu
Collett, Mason colletma@oregonstate.edu
Gao, Liansong gaolia@oregonstate.edu
Halim, Ivan halimi@oregonstate.edu
Huber, Lawrence huberla@oregonstate.edu
Knudsen, Zachery knudsenz@oregonstate.edu
Little, Ryan littler@oregonstate.edu
Read, Cort readco@oregonstate.edu
Shureih, Zeyad shureihz@oregonstate.edu
Smith, Reilly smithrei@oregonstate.edu
Soto-Leon, Diego sotoleod@oregonstate.edu
Stein, Bradley steinb@oregonstate.edu
Varga, Attila vargaat@oregonstate.edu
Zaka, Sawaiz zakas@oregonstate.edu
Albertazzi, Bryce albertab@oregonstate.edu
Bankston, Aiyana bankstai@oregonstate.edu
Coplantz, Joshua coplantj@oregonstate.edu
Deng, Liangge denglia@oregonstate.edu
Eamons, Alexander eamonsa@oregonstate.edu
Hendrix, Gerald hendrige@oregonstate.edu
Kafrissen, Liam kafrissl@oregonstate.edu
Kurtin, Joshua kurtinj@oregonstate.edu
Landry, Samuel landrysa@oregonstate.edu
Larson, Jack larsjack@oregonstate.edu
Loza Sanchez, Daniel lozasand@oregonstate.edu
Pirnat, Jessica pirnatj@oregonstate.edu
Pung, Nathan pungn@oregonstate.edu
Shan, Ghaith shang@oregonstate.edu
Yamauchi, Justin yamauchj@oregonstate.edu
Bishnu, Deven bishnud@oregonstate.edu
Escoto, Martin escotom@oregonstate.edu
Greco, Robert grecoro@oregonstate.edu
Hong, Weihang hongwe@oregonstate.edu
Hou, Miaoyuan houmi@oregonstate.edu
Jing, Wen jingw@oregonstate.edu
Le, Blake lebla@oregonstate.edu
Nelson, Cooper nelsocoo@oregonstate.edu
Oh, Stephen ohste@oregonstate.edu
Shi, Yuzhe shiyuz@oregonstate.edu
Sundjojo, Enrico sundjoje@oregonstate.edu
Wheelon, Joshua wheelonj@oregonstate.edu
Wu, Hsin-Ju wuhs@oregonstate.edu
Yasuhara, Kanon yasuhark@oregonstate.edu
Yu, Andy yuyan@oregonstate.edu
Dallman II, Arthur dallmana@oregonstate.edu
Dettwyler, Olivia dettwylo@oregonstate.edu
Eggiman, Parker eggimanp@oregonstate.edu
Greenwood, Maggie greenwom@oregonstate.edu
Huang, Xiyuan huanxiyu@oregonstate.edu
Leach, Alex leachal@oregonstate.edu
Li, Zihan lizih@oregonstate.edu
Marias, Timothy mariast@oregonstate.edu
Medina, Parker medinap@oregonstate.edu
Noah, Andrew noahan@oregonstate.edu
Patterson, Rory patterro@oregonstate.edu
Prince, Riley princeri@oregonstate.edu
Schliecher, Joshua schliecj@oregonstate.edu
Ta, Ngoc tango@oregonstate.edu
Vellanki, Aishwarya vellanka@oregonstate.edu
Algarni, Ahmed algarnia@oregonstate.edu
Brown, Shea brownsh2@oregonstate.edu
Haley, Jacob haleyja@oregonstate.edu
Huang, Cong huangcon@oregonstate.edu
Kramer, Ezra kramerez@oregonstate.edu
Nwizu, Tochukwu nwizut@oregonstate.edu
Rivas, Tyler rivast@oregonstate.edu
Rodenkirch, Thomas rodenkit@oregonstate.edu
Sneller, Samuel snellers@oregonstate.edu
Soderquist, Eugene soderque@oregonstate.edu
Staub, Jacob staubja@oregonstate.edu
Thomson, Kelly thomsoke@oregonstate.edu
Waczak, John waczakj@oregonstate.edu
Wei, Ming weimi@oregonstate.edu
026
Andrews, Michael andrmich@oregonstate.edu
Beseda, Joseph besedaj@oregonstate.edu
Hall, Colin hallcol@oregonstate.edu
Hkam, Sai Khaung hkams@oregonstate.edu
Khant, Phone khantp@oregonstate.edu
Liang, Yuchuan liangyuc@oregonstate.edu
Smith, Curtis smithcu@oregonstate.edu
Tong, Ziwen tongzi@oregonstate.edu
Tsai, Sheng Tse tsais@oregonstate.edu
Vue, Shawn vues@oregonstate.edu
Watkins, Zachary watkinsz@oregonstate.edu
Wilson, Alec wilsalec@oregonstate.edu
Wu, Yuyin wuyuy@oregonstate.edu
Xiong, Mofei xiongm@oregonstate.edu
027
Aguilar, Jesus aguilarj@oregonstate.edu
Arroyo Villanueva, Samantha arroyovs@oregonstate.edu
Brown, Stephen brownst2@oregonstate.edu
Chang, Jiapeng changji@oregonstate.edu
Crittenden, Timothy crittent@oregonstate.edu
Fan, Delun fand@oregonstate.edu
Gould, Jacob gouldja@oregonstate.edu
Guo, Yuanfeng guoyua@oregonstate.edu
Helstad, Henry helstadh@oregonstate.edu
McKillop-Bay, Patrick mckillop@oregonstate.edu
Millsap, Michael millsapm@oregonstate.edu
Okazaki, Maxwell okazamax@oregonstate.edu
Trinh, Thao trinhtha@oregonstate.edu
Vest, Daniel vestd@oregonstate.edu
Zhou, Zerui zhouze@oregonstate.edu